machine_id,factory_id,machine_name,machine_type,installation_date,status
1,15,Machine_1,Painting,2022-06-09,IDLE
2,14,Machine_2,Painting,2020-04-15,IDLE
3,20,Machine_3,Painting,2017-08-18,IDLE
4,25,Machine_4,Painting,2026-04-18,IDLE
5,16,Machine_5,CNC,2025-07-30,MAINTENANCE
6,9,Machine_6,Welding,2025-09-15,RUNNING
7,18,Machine_7,Testing,2019-12-25,IDLE
8,16,Machine_8,Cutting,2025-05-30,IDLE
9,9,Machine_9,Testing,2023-10-16,IDLE
10,15,Machine_10,Welding,2022-10-08,MAINTENANCE
11,6,Machine_11,CNC,2019-08-20,IDLE
12,13,Machine_12,CNC,2024-10-24,RUNNING
13,2,Machine_13,Welding,2024-04-17,MAINTENANCE
14,18,Machine_14,Cutting,2024-10-30,RUNNING
15,4,Machine_15,Cutting,2021-01-02,MAINTENANCE
16,9,Machine_16,Packaging,2022-07-18,RUNNING
17,11,Machine_17,Packaging,2020-09-11,IDLE
18,16,Machine_18,Cutting,2021-09-01,IDLE
19,4,Machine_19,Assembly,2022-08-20,IDLE
20,16,Machine_20,Painting,2022-04-01,RUNNING
21,9,Machine_21,CNC,2019-12-11,RUNNING
22,7,Machine_22,CNC,2018-10-27,RUNNING
23,17,Machine_23,Painting,2018-09-13,RUNNING
24,23,Machine_24,Packaging,2022-05-29,RUNNING
25,4,Machine_25,CNC,2022-10-03,IDLE
26,7,Machine_26,CNC,2016-08-12,RUNNING
27,18,Machine_27,Painting,2019-06-09,IDLE
28,7,Machine_28,Welding,2016-08-18,MAINTENANCE
29,24,Machine_29,Cutting,2025-06-05,RUNNING
30,20,Machine_30,Welding,2017-06-12,IDLE
31,19,Machine_31,Testing,2023-07-05,RUNNING
32,24,Machine_32,CNC,2025-07-28,IDLE
33,22,Machine_33,Cutting,2020-09-06,RUNNING
34,2,Machine_34,CNC,2024-06-09,RUNNING
35,14,Machine_35,CNC,2026-02-13,RUNNING
36,21,Machine_36,Assembly,2020-11-11,RUNNING
37,6,Machine_37,Assembly,2018-09-30,MAINTENANCE
38,5,Machine_38,Welding,2020-01-31,IDLE
39,17,Machine_39,Packaging,2021-08-05,MAINTENANCE
40,3,Machine_40,Cutting,2022-09-23,IDLE
41,22,Machine_41,CNC,2016-09-12,IDLE
42,5,Machine_42,Cutting,2018-05-09,MAINTENANCE
43,11,Machine_43,CNC,2016-09-11,IDLE
44,23,Machine_44,CNC,2023-01-17,MAINTENANCE
45,25,Machine_45,Cutting,2022-10-16,RUNNING
46,3,Machine_46,CNC,2023-02-10,RUNNING
47,18,Machine_47,Cutting,2019-08-26,IDLE
48,2,Machine_48,Assembly,2018-04-06,MAINTENANCE
49,25,Machine_49,Painting,2017-08-10,IDLE
50,6,Machine_50,Testing,2018-09-19,IDLE
51,11,Machine_51,Packaging,2019-03-28,RUNNING
52,15,Machine_52,CNC,2020-04-28,MAINTENANCE
53,2,Machine_53,Painting,2024-11-28,IDLE
54,16,Machine_54,Packaging,2021-07-17,IDLE
55,7,Machine_55,Packaging,2024-11-15,IDLE
56,24,Machine_56,Cutting,2017-07-10,RUNNING
57,19,Machine_57,CNC,2021-11-19,IDLE
58,7,Machine_58,Welding,2026-02-17,MAINTENANCE
59,8,Machine_59,CNC,2017-09-06,RUNNING
60,16,Machine_60,CNC,2016-07-02,MAINTENANCE
61,19,Machine_61,Cutting,2021-11-03,IDLE
62,25,Machine_62,Packaging,2025-01-27,MAINTENANCE
63,6,Machine_63,Welding,2026-04-08,MAINTENANCE
64,21,Machine_64,Cutting,2020-09-02,IDLE
65,22,Machine_65,Packaging,2020-06-18,MAINTENANCE
66,20,Machine_66,Testing,2016-07-02,RUNNING
67,17,Machine_67,Cutting,2023-01-24,MAINTENANCE
68,23,Machine_68,Testing,2022-05-24,MAINTENANCE
69,10,Machine_69,Cutting,2019-05-29,MAINTENANCE
70,19,Machine_70,Cutting,2018-11-01,RUNNING
71,21,Machine_71,Cutting,2019-09-13,MAINTENANCE
72,14,Machine_72,Painting,2024-08-13,MAINTENANCE
73,13,Machine_73,Cutting,2022-03-11,MAINTENANCE
74,5,Machine_74,Cutting,2022-10-12,MAINTENANCE
75,5,Machine_75,Assembly,2022-06-02,MAINTENANCE
76,2,Machine_76,Welding,2018-08-26,IDLE
77,9,Machine_77,Welding,2020-06-06,IDLE
78,3,Machine_78,Testing,2017-12-10,RUNNING
79,11,Machine_79,Painting,2018-11-20,RUNNING
80,4,Machine_80,Painting,2019-09-04,MAINTENANCE
81,9,Machine_81,CNC,2022-04-02,IDLE
82,20,Machine_82,Painting,2017-03-29,IDLE
83,14,Machine_83,Packaging,2021-07-21,MAINTENANCE
84,8,Machine_84,CNC,2020-04-07,RUNNING
85,22,Machine_85,Cutting,2026-01-07,IDLE
86,16,Machine_86,Cutting,2018-05-05,RUNNING
87,12,Machine_87,Cutting,2026-04-24,IDLE
88,3,Machine_88,Assembly,2026-06-18,IDLE
89,2,Machine_89,Cutting,2018-02-01,MAINTENANCE
90,13,Machine_90,CNC,2022-03-27,RUNNING
91,18,Machine_91,Painting,2025-09-26,RUNNING
92,12,Machine_92,Testing,2016-12-12,IDLE
93,2,Machine_93,Testing,2018-04-21,IDLE
94,3,Machine_94,Assembly,2019-10-19,MAINTENANCE
95,12,Machine_95,Welding,2020-05-31,IDLE
96,24,Machine_96,Welding,2023-01-06,RUNNING
97,21,Machine_97,CNC,2020-11-01,IDLE
98,15,Machine_98,Painting,2020-04-08,IDLE
99,18,Machine_99,Testing,2025-07-17,IDLE
100,1,Machine_100,Assembly,2018-10-27,MAINTENANCE
101,25,Machine_101,Testing,2019-01-06,RUNNING
102,3,Machine_102,CNC,2021-06-24,MAINTENANCE
103,24,Machine_103,Assembly,2020-04-11,RUNNING
104,15,Machine_104,Testing,2026-01-28,IDLE
105,6,Machine_105,Packaging,2018-09-04,MAINTENANCE
106,24,Machine_106,Cutting,2023-11-01,RUNNING
107,2,Machine_107,CNC,2019-09-23,RUNNING
108,6,Machine_108,Testing,2017-04-10,RUNNING
109,8,Machine_109,CNC,2017-03-17,RUNNING
110,9,Machine_110,Packaging,2025-11-09,MAINTENANCE
111,20,Machine_111,Painting,2017-08-30,RUNNING
112,12,Machine_112,Packaging,2024-04-18,RUNNING
113,11,Machine_113,Testing,2024-01-30,MAINTENANCE
114,18,Machine_114,Painting,2020-04-05,IDLE
115,25,Machine_115,Testing,2017-09-13,MAINTENANCE
116,17,Machine_116,Welding,2024-06-21,RUNNING
117,24,Machine_117,Packaging,2022-11-19,MAINTENANCE
118,14,Machine_118,Packaging,2019-04-01,IDLE
119,19,Machine_119,Packaging,2024-03-11,RUNNING
120,14,Machine_120,Cutting,2026-04-16,IDLE
121,8,Machine_121,Assembly,2019-12-10,IDLE
122,8,Machine_122,Painting,2022-12-26,IDLE
123,23,Machine_123,Welding,2022-05-03,RUNNING
124,14,Machine_124,Welding,2018-11-01,RUNNING
125,4,Machine_125,Packaging,2018-04-02,IDLE
126,21,Machine_126,Welding,2018-09-01,MAINTENANCE
127,10,Machine_127,Cutting,2021-10-18,RUNNING
128,18,Machine_128,Packaging,2020-12-17,RUNNING
129,21,Machine_129,Welding,2018-07-16,RUNNING
130,10,Machine_130,CNC,2025-10-24,IDLE
131,5,Machine_131,Testing,2022-09-19,RUNNING
132,8,Machine_132,CNC,2023-11-06,MAINTENANCE
133,8,Machine_133,Packaging,2023-08-19,IDLE
134,19,Machine_134,Assembly,2024-09-14,IDLE
135,25,Machine_135,Assembly,2018-06-24,IDLE
136,5,Machine_136,Cutting,2021-12-26,MAINTENANCE
137,7,Machine_137,Painting,2023-12-28,RUNNING
138,14,Machine_138,Cutting,2018-06-05,RUNNING
139,17,Machine_139,Packaging,2019-01-19,IDLE
140,18,Machine_140,CNC,2025-12-04,RUNNING
141,1,Machine_141,Welding,2024-12-22,MAINTENANCE
142,13,Machine_142,Cutting,2025-09-07,IDLE
143,11,Machine_143,Packaging,2024-12-18,MAINTENANCE
144,10,Machine_144,Testing,2018-01-01,RUNNING
145,13,Machine_145,CNC,2022-06-24,IDLE
146,18,Machine_146,Painting,2024-12-25,IDLE
147,2,Machine_147,Painting,2025-04-09,MAINTENANCE
148,11,Machine_148,Painting,2019-08-04,RUNNING
149,21,Machine_149,Painting,2021-10-15,RUNNING
150,22,Machine_150,Cutting,2023-09-19,MAINTENANCE
151,19,Machine_151,Packaging,2022-07-20,IDLE
152,24,Machine_152,Packaging,2023-03-06,RUNNING
153,7,Machine_153,Welding,2020-03-26,MAINTENANCE
154,14,Machine_154,Assembly,2016-09-01,RUNNING
155,22,Machine_155,Cutting,2017-07-31,IDLE
156,5,Machine_156,CNC,2018-06-09,IDLE
157,15,Machine_157,CNC,2022-03-05,RUNNING
158,17,Machine_158,Welding,2020-05-23,RUNNING
159,5,Machine_159,CNC,2021-08-17,IDLE
160,15,Machine_160,Painting,2022-10-20,RUNNING
161,2,Machine_161,Assembly,2022-08-03,IDLE
162,9,Machine_162,Painting,2021-04-02,IDLE
163,8,Machine_163,Packaging,2023-07-25,IDLE
164,15,Machine_164,Assembly,2018-12-09,MAINTENANCE
165,9,Machine_165,Testing,2018-10-01,MAINTENANCE
166,15,Machine_166,Cutting,2020-01-15,RUNNING
167,2,Machine_167,Packaging,2025-06-27,IDLE
168,16,Machine_168,Packaging,2021-01-10,IDLE
169,7,Machine_169,Painting,2020-04-03,MAINTENANCE
170,11,Machine_170,CNC,2018-07-05,MAINTENANCE
171,4,Machine_171,Cutting,2025-09-30,RUNNING
172,17,Machine_172,Welding,2016-09-15,MAINTENANCE
173,4,Machine_173,Testing,2019-01-16,RUNNING
174,9,Machine_174,Cutting,2024-12-09,RUNNING
175,1,Machine_175,Packaging,2022-05-22,MAINTENANCE
176,4,Machine_176,Testing,2016-12-09,MAINTENANCE
177,3,Machine_177,Testing,2019-01-22,IDLE
178,1,Machine_178,Packaging,2018-02-21,IDLE
179,16,Machine_179,Cutting,2021-06-09,IDLE
180,10,Machine_180,Assembly,2023-05-13,IDLE
181,16,Machine_181,Assembly,2017-10-09,RUNNING
182,12,Machine_182,Cutting,2019-08-23,MAINTENANCE
183,12,Machine_183,CNC,2025-11-04,RUNNING
184,16,Machine_184,Cutting,2024-07-12,MAINTENANCE
185,9,Machine_185,Painting,2025-10-30,RUNNING
186,25,Machine_186,Assembly,2021-02-13,MAINTENANCE
187,3,Machine_187,Assembly,2021-02-25,MAINTENANCE
188,20,Machine_188,Assembly,2025-05-07,IDLE
189,18,Machine_189,CNC,2022-10-17,MAINTENANCE
190,12,Machine_190,Welding,2019-03-09,RUNNING
191,22,Machine_191,Painting,2021-11-03,MAINTENANCE
192,22,Machine_192,Welding,2026-01-01,MAINTENANCE
193,10,Machine_193,Painting,2022-08-08,MAINTENANCE
194,11,Machine_194,Welding,2023-05-30,IDLE
195,16,Machine_195,Packaging,2020-10-20,RUNNING
196,22,Machine_196,Painting,2018-09-25,RUNNING
197,21,Machine_197,Painting,2022-02-21,RUNNING
198,9,Machine_198,Assembly,2018-08-03,RUNNING
199,5,Machine_199,Painting,2026-04-06,MAINTENANCE
200,4,Machine_200,Testing,2020-11-29,IDLE
201,17,Machine_201,Testing,2023-02-04,IDLE
202,11,Machine_202,Welding,2019-07-13,MAINTENANCE
203,22,Machine_203,Packaging,2017-11-10,IDLE
204,20,Machine_204,Packaging,2016-09-04,MAINTENANCE
205,23,Machine_205,Testing,2020-09-26,MAINTENANCE
206,3,Machine_206,Painting,2019-09-05,IDLE
207,7,Machine_207,Painting,2018-02-28,IDLE
208,5,Machine_208,Assembly,2025-01-23,IDLE
209,8,Machine_209,Painting,2023-01-25,MAINTENANCE
210,24,Machine_210,Testing,2024-11-21,MAINTENANCE
211,11,Machine_211,Welding,2017-09-25,IDLE
212,21,Machine_212,Cutting,2026-02-27,RUNNING
213,21,Machine_213,CNC,2021-03-28,IDLE
214,12,Machine_214,CNC,2020-12-19,RUNNING
215,19,Machine_215,Assembly,2018-03-20,IDLE
216,6,Machine_216,Packaging,2020-03-06,MAINTENANCE
217,16,Machine_217,Cutting,2018-10-15,RUNNING
218,14,Machine_218,CNC,2020-03-27,MAINTENANCE
219,12,Machine_219,Welding,2020-02-23,MAINTENANCE
220,18,Machine_220,Cutting,2025-06-10,MAINTENANCE
221,6,Machine_221,Cutting,2021-05-29,RUNNING
222,16,Machine_222,Assembly,2018-06-28,RUNNING
223,5,Machine_223,Cutting,2019-11-15,MAINTENANCE
224,8,Machine_224,Welding,2024-05-25,RUNNING
225,18,Machine_225,Painting,2018-11-08,IDLE
226,4,Machine_226,Assembly,2018-11-23,RUNNING
227,13,Machine_227,Painting,2024-02-27,RUNNING
228,6,Machine_228,Cutting,2023-06-13,RUNNING
229,19,Machine_229,Cutting,2023-03-20,IDLE
230,5,Machine_230,Painting,2019-03-27,IDLE
231,25,Machine_231,Assembly,2023-03-08,RUNNING
232,21,Machine_232,Packaging,2020-06-28,RUNNING
233,9,Machine_233,Painting,2019-01-12,MAINTENANCE
234,6,Machine_234,Assembly,2019-04-25,RUNNING
235,12,Machine_235,Painting,2022-01-29,MAINTENANCE
236,7,Machine_236,CNC,2019-01-26,IDLE
237,4,Machine_237,CNC,2023-10-17,IDLE
238,8,Machine_238,Assembly,2021-08-24,IDLE
239,20,Machine_239,Testing,2026-01-13,RUNNING
240,12,Machine_240,Testing,2020-10-29,MAINTENANCE
241,13,Machine_241,Assembly,2018-02-17,MAINTENANCE
242,9,Machine_242,Cutting,2017-10-21,IDLE
243,1,Machine_243,Painting,2016-07-24,MAINTENANCE
244,21,Machine_244,CNC,2025-02-15,MAINTENANCE
245,11,Machine_245,CNC,2024-05-24,RUNNING
246,8,Machine_246,Packaging,2022-08-26,RUNNING
247,18,Machine_247,Packaging,2026-02-24,IDLE
248,17,Machine_248,Assembly,2024-09-22,MAINTENANCE
249,15,Machine_249,Assembly,2024-11-23,RUNNING
250,23,Machine_250,Cutting,2025-08-31,RUNNING
251,17,Machine_251,Cutting,2025-11-22,RUNNING
252,16,Machine_252,Cutting,2020-11-13,MAINTENANCE
253,23,Machine_253,Painting,2018-06-24,IDLE
254,25,Machine_254,Testing,2018-12-21,RUNNING
255,12,Machine_255,Assembly,2017-11-27,IDLE
256,12,Machine_256,Welding,2020-11-10,RUNNING
257,9,Machine_257,Packaging,2022-03-23,MAINTENANCE
258,10,Machine_258,Packaging,2017-11-13,RUNNING
259,4,Machine_259,Cutting,2018-08-12,RUNNING
260,8,Machine_260,Packaging,2018-10-14,MAINTENANCE
261,6,Machine_261,CNC,2024-12-03,IDLE
262,9,Machine_262,Testing,2025-07-14,MAINTENANCE
263,14,Machine_263,Welding,2023-01-20,MAINTENANCE
264,4,Machine_264,Testing,2023-06-27,IDLE
265,6,Machine_265,Testing,2020-10-06,IDLE
266,20,Machine_266,Painting,2025-09-21,MAINTENANCE
267,12,Machine_267,Cutting,2019-02-09,IDLE
268,23,Machine_268,Assembly,2019-09-13,IDLE
269,2,Machine_269,Testing,2023-10-10,RUNNING
270,16,Machine_270,Testing,2021-07-05,RUNNING
271,11,Machine_271,Welding,2023-02-07,RUNNING
272,21,Machine_272,CNC,2022-12-22,IDLE
273,2,Machine_273,CNC,2019-03-22,MAINTENANCE
274,12,Machine_274,Welding,2024-03-14,IDLE
275,12,Machine_275,Assembly,2017-07-21,IDLE
276,16,Machine_276,Cutting,2022-05-25,MAINTENANCE
277,18,Machine_277,Testing,2018-08-16,MAINTENANCE
278,9,Machine_278,Assembly,2023-02-07,IDLE
279,18,Machine_279,Welding,2016-11-27,RUNNING
280,19,Machine_280,Cutting,2026-05-16,RUNNING
281,4,Machine_281,Painting,2022-01-04,RUNNING
282,21,Machine_282,Cutting,2024-10-27,IDLE
283,18,Machine_283,CNC,2020-06-02,RUNNING
284,1,Machine_284,Painting,2024-07-23,IDLE
285,19,Machine_285,Packaging,2016-10-23,MAINTENANCE
286,18,Machine_286,Cutting,2019-04-05,RUNNING
287,9,Machine_287,Cutting,2023-08-06,RUNNING
288,13,Machine_288,Packaging,2023-07-25,RUNNING
289,7,Machine_289,Painting,2021-11-19,MAINTENANCE
290,3,Machine_290,Cutting,2018-03-01,RUNNING
291,16,Machine_291,CNC,2021-07-30,MAINTENANCE
292,18,Machine_292,Assembly,2019-01-15,IDLE
293,20,Machine_293,CNC,2019-08-15,RUNNING
294,10,Machine_294,Assembly,2021-08-14,MAINTENANCE
295,19,Machine_295,Assembly,2018-07-19,RUNNING
296,21,Machine_296,Assembly,2019-02-21,MAINTENANCE
297,11,Machine_297,Assembly,2019-05-22,MAINTENANCE
298,19,Machine_298,Welding,2020-05-25,RUNNING
299,22,Machine_299,Painting,2022-09-14,IDLE
300,22,Machine_300,Assembly,2021-06-16,RUNNING
301,3,Machine_301,Welding,2020-05-15,MAINTENANCE
302,23,Machine_302,Painting,2020-04-12,RUNNING
303,11,Machine_303,Welding,2018-10-27,IDLE
304,7,Machine_304,Painting,2022-01-11,MAINTENANCE
305,13,Machine_305,Testing,2017-10-09,IDLE
306,19,Machine_306,Assembly,2021-06-05,RUNNING
307,3,Machine_307,Assembly,2022-06-03,MAINTENANCE
308,18,Machine_308,Assembly,2020-12-28,MAINTENANCE
309,2,Machine_309,Packaging,2019-08-11,MAINTENANCE
310,1,Machine_310,Testing,2024-11-26,MAINTENANCE
311,14,Machine_311,Welding,2022-10-17,MAINTENANCE
312,7,Machine_312,Packaging,2019-11-30,RUNNING
313,10,Machine_313,Painting,2019-02-28,RUNNING
314,5,Machine_314,CNC,2024-12-19,MAINTENANCE
315,6,Machine_315,Painting,2021-05-12,MAINTENANCE
316,3,Machine_316,Cutting,2023-09-17,MAINTENANCE
317,13,Machine_317,Testing,2017-12-06,RUNNING
318,11,Machine_318,CNC,2022-07-24,RUNNING
319,10,Machine_319,Cutting,2026-05-09,RUNNING
320,16,Machine_320,Testing,2021-12-15,RUNNING
321,5,Machine_321,Painting,2022-12-03,IDLE
322,8,Machine_322,Assembly,2019-12-19,IDLE
323,15,Machine_323,CNC,2026-05-09,MAINTENANCE
324,4,Machine_324,Welding,2026-01-17,RUNNING
325,17,Machine_325,Cutting,2017-10-14,IDLE
326,5,Machine_326,Painting,2017-02-06,MAINTENANCE
327,12,Machine_327,Painting,2016-07-18,RUNNING
328,11,Machine_328,CNC,2025-05-24,IDLE
329,6,Machine_329,Cutting,2021-10-28,IDLE
330,14,Machine_330,Testing,2018-11-02,RUNNING
331,5,Machine_331,Painting,2023-02-06,MAINTENANCE
332,24,Machine_332,Painting,2019-08-12,RUNNING
333,5,Machine_333,Testing,2022-05-23,MAINTENANCE
334,3,Machine_334,Welding,2022-10-17,MAINTENANCE
335,18,Machine_335,Packaging,2017-02-07,MAINTENANCE
336,21,Machine_336,Packaging,2020-11-23,MAINTENANCE
337,3,Machine_337,Packaging,2023-12-22,RUNNING
338,1,Machine_338,Cutting,2023-01-22,RUNNING
339,7,Machine_339,Testing,2020-06-04,RUNNING
340,21,Machine_340,Cutting,2018-12-19,MAINTENANCE
341,7,Machine_341,CNC,2026-02-04,IDLE
342,5,Machine_342,Assembly,2018-11-16,IDLE
343,20,Machine_343,Packaging,2020-05-04,RUNNING
344,14,Machine_344,Welding,2019-08-02,MAINTENANCE
345,16,Machine_345,Cutting,2024-06-12,IDLE
346,5,Machine_346,Cutting,2018-08-15,MAINTENANCE
347,21,Machine_347,Cutting,2020-03-29,MAINTENANCE
348,17,Machine_348,Painting,2020-04-15,IDLE
349,9,Machine_349,Testing,2025-03-07,MAINTENANCE
350,20,Machine_350,Packaging,2025-12-31,MAINTENANCE
351,13,Machine_351,CNC,2026-06-09,RUNNING
352,18,Machine_352,Testing,2022-05-20,MAINTENANCE
353,20,Machine_353,Assembly,2020-07-15,RUNNING
354,24,Machine_354,Assembly,2016-08-20,MAINTENANCE
355,20,Machine_355,Painting,2024-09-24,IDLE
356,14,Machine_356,Cutting,2022-07-29,RUNNING
357,13,Machine_357,Painting,2017-01-17,IDLE
358,6,Machine_358,Assembly,2018-04-14,IDLE
359,4,Machine_359,Packaging,2017-05-20,MAINTENANCE
360,6,Machine_360,Welding,2022-03-11,RUNNING
361,4,Machine_361,Painting,2023-10-29,IDLE
362,4,Machine_362,Testing,2017-02-08,IDLE
363,13,Machine_363,Assembly,2026-04-21,RUNNING
364,12,Machine_364,Packaging,2026-02-13,MAINTENANCE
365,21,Machine_365,Cutting,2021-11-27,IDLE
366,5,Machine_366,Welding,2018-11-21,RUNNING
367,12,Machine_367,Testing,2018-04-16,IDLE
368,7,Machine_368,Cutting,2026-02-02,MAINTENANCE
369,17,Machine_369,CNC,2017-02-18,IDLE
370,4,Machine_370,Cutting,2023-04-13,MAINTENANCE
371,16,Machine_371,Testing,2019-11-20,RUNNING
372,11,Machine_372,CNC,2024-06-02,MAINTENANCE
373,10,Machine_373,Painting,2016-07-25,RUNNING
374,10,Machine_374,Cutting,2017-03-09,IDLE
375,21,Machine_375,CNC,2024-12-01,IDLE
376,22,Machine_376,Testing,2018-05-28,RUNNING
377,18,Machine_377,CNC,2024-03-22,IDLE
378,15,Machine_378,Welding,2023-02-21,MAINTENANCE
379,16,Machine_379,Cutting,2025-05-11,MAINTENANCE
380,25,Machine_380,Welding,2025-10-01,MAINTENANCE
381,8,Machine_381,Painting,2020-09-21,IDLE
382,16,Machine_382,CNC,2024-10-18,IDLE
383,15,Machine_383,Cutting,2024-07-19,MAINTENANCE
384,3,Machine_384,Packaging,2021-08-08,RUNNING
385,6,Machine_385,Assembly,2016-11-01,MAINTENANCE
386,3,Machine_386,Cutting,2017-09-21,IDLE
387,17,Machine_387,Packaging,2025-03-21,IDLE
388,17,Machine_388,Assembly,2024-03-12,RUNNING
389,18,Machine_389,Testing,2019-05-18,MAINTENANCE
390,1,Machine_390,Cutting,2021-07-01,IDLE
391,25,Machine_391,Welding,2019-06-11,IDLE
392,7,Machine_392,Assembly,2019-07-15,RUNNING
393,5,Machine_393,Painting,2026-01-23,IDLE
394,13,Machine_394,CNC,2021-12-01,RUNNING
395,3,Machine_395,Packaging,2016-11-25,IDLE
396,22,Machine_396,Testing,2023-07-28,IDLE
397,3,Machine_397,Welding,2023-04-30,IDLE
398,11,Machine_398,Cutting,2020-09-06,RUNNING
399,17,Machine_399,Testing,2021-10-17,IDLE
400,21,Machine_400,Assembly,2025-01-30,RUNNING
401,8,Machine_401,Welding,2017-06-26,RUNNING
402,25,Machine_402,Packaging,2019-10-26,MAINTENANCE
403,20,Machine_403,Assembly,2019-01-12,RUNNING
404,8,Machine_404,Cutting,2021-08-24,MAINTENANCE
405,19,Machine_405,CNC,2019-10-04,RUNNING
406,1,Machine_406,Packaging,2021-01-29,RUNNING
407,2,Machine_407,Packaging,2023-11-14,IDLE
408,6,Machine_408,Packaging,2023-03-31,IDLE
409,18,Machine_409,Painting,2020-07-04,IDLE
410,23,Machine_410,Welding,2024-09-10,MAINTENANCE
411,4,Machine_411,Assembly,2017-11-02,MAINTENANCE
412,5,Machine_412,Welding,2022-12-03,IDLE
413,10,Machine_413,Testing,2019-02-10,RUNNING
414,14,Machine_414,Cutting,2019-04-16,MAINTENANCE
415,10,Machine_415,Packaging,2019-10-13,IDLE
416,21,Machine_416,Painting,2024-04-15,MAINTENANCE
417,24,Machine_417,Testing,2017-07-28,RUNNING
418,1,Machine_418,Testing,2016-12-12,RUNNING
419,15,Machine_419,Painting,2019-07-02,IDLE
420,6,Machine_420,Cutting,2018-08-01,MAINTENANCE
421,2,Machine_421,CNC,2024-02-13,MAINTENANCE
422,19,Machine_422,Cutting,2018-12-17,RUNNING
423,16,Machine_423,CNC,2024-06-17,RUNNING
424,7,Machine_424,CNC,2018-02-10,MAINTENANCE
425,12,Machine_425,Assembly,2019-09-27,MAINTENANCE
426,8,Machine_426,Painting,2024-09-19,IDLE
427,5,Machine_427,Packaging,2017-05-01,RUNNING
428,11,Machine_428,Welding,2024-02-23,IDLE
429,4,Machine_429,Packaging,2021-05-05,IDLE
430,14,Machine_430,Assembly,2021-10-04,RUNNING
431,19,Machine_431,Assembly,2019-04-07,RUNNING
432,22,Machine_432,Painting,2026-05-04,IDLE
433,25,Machine_433,CNC,2021-08-06,MAINTENANCE
434,6,Machine_434,Painting,2025-08-10,MAINTENANCE
435,22,Machine_435,CNC,2022-06-03,RUNNING
436,19,Machine_436,Painting,2021-02-20,IDLE
437,18,Machine_437,Assembly,2024-02-29,IDLE
438,21,Machine_438,Welding,2020-12-11,RUNNING
439,12,Machine_439,Painting,2017-03-30,IDLE
440,8,Machine_440,Testing,2016-09-04,MAINTENANCE
441,20,Machine_441,Cutting,2021-03-06,RUNNING
442,8,Machine_442,CNC,2024-03-29,IDLE
443,4,Machine_443,Assembly,2023-10-12,IDLE
444,13,Machine_444,CNC,2023-10-29,IDLE
445,23,Machine_445,Assembly,2021-05-04,IDLE
446,9,Machine_446,Assembly,2022-05-11,IDLE
447,20,Machine_447,Welding,2024-02-06,MAINTENANCE
448,8,Machine_448,Packaging,2018-08-03,IDLE
449,24,Machine_449,Testing,2025-09-13,RUNNING
450,18,Machine_450,Packaging,2019-08-17,RUNNING
451,21,Machine_451,Testing,2018-06-11,IDLE
452,11,Machine_452,Assembly,2019-03-07,RUNNING
453,6,Machine_453,Cutting,2016-11-06,RUNNING
454,15,Machine_454,Painting,2022-02-28,MAINTENANCE
455,2,Machine_455,Welding,2024-02-02,RUNNING
456,23,Machine_456,Painting,2019-03-14,IDLE
457,20,Machine_457,Assembly,2025-11-22,RUNNING
458,21,Machine_458,Assembly,2025-11-27,MAINTENANCE
459,12,Machine_459,Testing,2026-01-12,RUNNING
460,11,Machine_460,Assembly,2018-02-15,IDLE
461,11,Machine_461,Cutting,2021-12-10,IDLE
462,5,Machine_462,CNC,2019-12-05,IDLE
463,11,Machine_463,Testing,2022-09-20,IDLE
464,24,Machine_464,Painting,2020-10-22,IDLE
465,19,Machine_465,Assembly,2018-06-10,RUNNING
466,3,Machine_466,Welding,2021-05-04,RUNNING
467,7,Machine_467,Cutting,2019-09-01,IDLE
468,22,Machine_468,Welding,2017-02-20,RUNNING
469,3,Machine_469,CNC,2024-02-21,MAINTENANCE
470,6,Machine_470,Packaging,2020-08-08,IDLE
471,9,Machine_471,Packaging,2017-04-05,MAINTENANCE
472,2,Machine_472,Testing,2016-08-05,MAINTENANCE
473,8,Machine_473,Cutting,2020-12-19,MAINTENANCE
474,9,Machine_474,Assembly,2018-03-26,IDLE
475,14,Machine_475,Painting,2023-03-18,MAINTENANCE
476,14,Machine_476,Welding,2020-02-15,MAINTENANCE
477,1,Machine_477,Packaging,2020-08-05,MAINTENANCE
478,18,Machine_478,Cutting,2019-08-21,RUNNING
479,16,Machine_479,Testing,2020-09-19,RUNNING
480,6,Machine_480,Testing,2020-11-09,IDLE
481,11,Machine_481,Welding,2026-02-15,RUNNING
482,6,Machine_482,Packaging,2020-02-07,MAINTENANCE
483,16,Machine_483,CNC,2020-06-14,IDLE
484,16,Machine_484,Welding,2019-07-14,RUNNING
485,25,Machine_485,Welding,2018-09-19,IDLE
486,10,Machine_486,Cutting,2019-12-01,RUNNING
487,11,Machine_487,Welding,2019-02-05,RUNNING
488,6,Machine_488,Packaging,2025-09-06,RUNNING
489,1,Machine_489,Packaging,2021-02-01,RUNNING
490,24,Machine_490,Cutting,2021-04-27,IDLE
491,13,Machine_491,Assembly,2025-09-25,RUNNING
492,10,Machine_492,Packaging,2023-11-22,IDLE
493,25,Machine_493,Painting,2019-12-29,IDLE
494,17,Machine_494,Painting,2018-02-23,MAINTENANCE
495,5,Machine_495,Testing,2026-02-07,RUNNING
496,11,Machine_496,Testing,2025-07-21,RUNNING
497,5,Machine_497,Testing,2024-09-08,RUNNING
498,11,Machine_498,Cutting,2016-10-29,RUNNING
499,23,Machine_499,CNC,2021-07-18,RUNNING
500,25,Machine_500,Packaging,2016-07-05,RUNNING
501,25,Machine_501,Cutting,2016-10-28,MAINTENANCE
502,11,Machine_502,Assembly,2025-05-14,RUNNING
503,16,Machine_503,CNC,2016-09-03,RUNNING
504,23,Machine_504,Painting,2024-11-27,MAINTENANCE
505,1,Machine_505,Cutting,2023-12-14,RUNNING
506,7,Machine_506,Painting,2019-12-14,MAINTENANCE
507,21,Machine_507,Testing,2020-09-16,MAINTENANCE
508,16,Machine_508,Packaging,2025-04-12,RUNNING
509,19,Machine_509,Cutting,2019-10-08,IDLE
510,13,Machine_510,Packaging,2021-12-24,MAINTENANCE
511,19,Machine_511,CNC,2023-02-28,MAINTENANCE
512,24,Machine_512,Assembly,2016-07-08,MAINTENANCE
513,4,Machine_513,Welding,2018-01-24,RUNNING
514,9,Machine_514,CNC,2020-03-01,RUNNING
515,18,Machine_515,Cutting,2019-07-18,MAINTENANCE
516,15,Machine_516,Welding,2019-07-26,MAINTENANCE
517,11,Machine_517,Painting,2023-10-19,MAINTENANCE
518,10,Machine_518,Welding,2025-09-27,IDLE
519,11,Machine_519,CNC,2019-12-31,RUNNING
520,1,Machine_520,Packaging,2021-03-21,IDLE
521,5,Machine_521,Packaging,2023-12-22,IDLE
522,25,Machine_522,Testing,2024-10-19,RUNNING
523,13,Machine_523,Testing,2017-05-29,MAINTENANCE
524,23,Machine_524,Assembly,2021-12-07,MAINTENANCE
525,13,Machine_525,Painting,2016-06-22,IDLE
526,24,Machine_526,Welding,2023-03-22,RUNNING
527,16,Machine_527,Welding,2017-05-14,IDLE
528,12,Machine_528,Painting,2024-06-17,RUNNING
529,15,Machine_529,Assembly,2016-12-26,MAINTENANCE
530,2,Machine_530,Cutting,2021-12-23,MAINTENANCE
531,3,Machine_531,Welding,2018-05-05,IDLE
532,13,Machine_532,Assembly,2024-08-19,RUNNING
533,17,Machine_533,Cutting,2026-03-28,MAINTENANCE
534,14,Machine_534,CNC,2024-07-28,MAINTENANCE
535,11,Machine_535,Testing,2025-07-01,IDLE
536,3,Machine_536,Assembly,2018-03-15,RUNNING
537,14,Machine_537,Welding,2016-09-22,RUNNING
538,17,Machine_538,Welding,2019-07-22,RUNNING
539,21,Machine_539,Testing,2018-06-07,MAINTENANCE
540,15,Machine_540,Packaging,2017-04-02,RUNNING
541,14,Machine_541,CNC,2024-02-29,MAINTENANCE
542,7,Machine_542,Cutting,2022-10-21,RUNNING
543,21,Machine_543,CNC,2025-01-22,IDLE
544,20,Machine_544,Assembly,2018-09-09,MAINTENANCE
545,17,Machine_545,Painting,2019-02-10,IDLE
546,17,Machine_546,Painting,2018-05-25,RUNNING
547,13,Machine_547,Assembly,2024-06-26,MAINTENANCE
548,4,Machine_548,Assembly,2024-11-06,IDLE
549,23,Machine_549,Painting,2017-01-13,IDLE
550,20,Machine_550,Cutting,2024-09-04,MAINTENANCE
551,16,Machine_551,Testing,2026-05-18,RUNNING
552,17,Machine_552,CNC,2019-02-07,MAINTENANCE
553,16,Machine_553,Welding,2020-07-23,MAINTENANCE
554,10,Machine_554,CNC,2022-06-20,IDLE
555,10,Machine_555,Painting,2018-07-10,IDLE
556,7,Machine_556,Welding,2019-04-05,IDLE
557,24,Machine_557,CNC,2024-01-18,RUNNING
558,13,Machine_558,CNC,2026-06-20,RUNNING
559,17,Machine_559,CNC,2026-02-02,RUNNING
560,1,Machine_560,Welding,2025-01-03,RUNNING
561,8,Machine_561,Cutting,2020-11-11,RUNNING
562,14,Machine_562,Packaging,2024-07-11,IDLE
563,5,Machine_563,Welding,2022-08-28,MAINTENANCE
564,11,Machine_564,Cutting,2022-01-18,MAINTENANCE
565,7,Machine_565,Assembly,2024-08-09,IDLE
566,25,Machine_566,Welding,2023-02-15,IDLE
567,21,Machine_567,Painting,2018-02-24,MAINTENANCE
568,24,Machine_568,CNC,2026-03-20,MAINTENANCE
569,19,Machine_569,Testing,2023-08-27,IDLE
570,1,Machine_570,CNC,2025-05-06,IDLE
571,17,Machine_571,Cutting,2018-10-15,RUNNING
572,14,Machine_572,Welding,2016-11-17,IDLE
573,3,Machine_573,Assembly,2018-10-04,RUNNING
574,12,Machine_574,Assembly,2019-05-02,MAINTENANCE
575,21,Machine_575,Cutting,2016-08-11,IDLE
576,2,Machine_576,Testing,2023-08-04,MAINTENANCE
577,5,Machine_577,Assembly,2026-05-12,IDLE
578,9,Machine_578,Cutting,2025-10-28,IDLE
579,2,Machine_579,Cutting,2017-07-06,RUNNING
580,17,Machine_580,Assembly,2016-11-03,MAINTENANCE
581,17,Machine_581,Cutting,2026-06-20,RUNNING
582,20,Machine_582,CNC,2021-04-06,IDLE
583,6,Machine_583,Packaging,2020-09-08,MAINTENANCE
584,6,Machine_584,Painting,2018-08-15,IDLE
585,4,Machine_585,Welding,2021-07-26,MAINTENANCE
586,1,Machine_586,Welding,2020-06-11,RUNNING
587,6,Machine_587,Assembly,2025-07-06,RUNNING
588,19,Machine_588,Welding,2024-09-29,RUNNING
589,5,Machine_589,Cutting,2022-04-28,IDLE
590,11,Machine_590,Cutting,2022-01-31,MAINTENANCE
591,25,Machine_591,Painting,2019-12-15,MAINTENANCE
592,21,Machine_592,Painting,2022-08-05,MAINTENANCE
593,24,Machine_593,Painting,2024-01-06,IDLE
594,17,Machine_594,Testing,2023-02-26,MAINTENANCE
595,6,Machine_595,Painting,2020-07-20,RUNNING
596,11,Machine_596,Packaging,2022-06-27,RUNNING
597,25,Machine_597,Testing,2021-10-05,IDLE
598,15,Machine_598,Cutting,2025-04-21,MAINTENANCE
599,21,Machine_599,Assembly,2019-03-30,RUNNING
600,23,Machine_600,Cutting,2020-08-25,RUNNING
601,21,Machine_601,Cutting,2024-02-15,RUNNING
602,20,Machine_602,Painting,2026-03-29,IDLE
603,1,Machine_603,Packaging,2025-02-24,RUNNING
604,15,Machine_604,Cutting,2019-09-12,MAINTENANCE
605,2,Machine_605,Packaging,2017-09-15,MAINTENANCE
606,17,Machine_606,Testing,2018-07-26,MAINTENANCE
607,5,Machine_607,Cutting,2026-04-27,RUNNING
608,17,Machine_608,Assembly,2025-01-02,RUNNING
609,1,Machine_609,Cutting,2025-02-01,MAINTENANCE
610,12,Machine_610,Welding,2020-12-18,RUNNING
611,18,Machine_611,Painting,2023-01-16,MAINTENANCE
612,13,Machine_612,Packaging,2023-04-14,MAINTENANCE
613,11,Machine_613,Testing,2020-05-10,MAINTENANCE
614,5,Machine_614,Welding,2016-12-21,MAINTENANCE
615,8,Machine_615,Packaging,2024-07-15,MAINTENANCE
616,20,Machine_616,CNC,2019-01-09,IDLE
617,19,Machine_617,Cutting,2017-04-21,IDLE
618,6,Machine_618,Testing,2017-09-18,IDLE
619,22,Machine_619,Testing,2017-08-22,RUNNING
620,9,Machine_620,Welding,2018-10-03,MAINTENANCE
621,15,Machine_621,Painting,2017-11-03,IDLE
622,17,Machine_622,Painting,2019-07-18,IDLE
623,2,Machine_623,Cutting,2026-02-15,RUNNING
624,18,Machine_624,Cutting,2019-01-04,RUNNING
625,24,Machine_625,Testing,2025-05-13,RUNNING
626,7,Machine_626,Cutting,2025-05-06,RUNNING
627,1,Machine_627,Cutting,2025-07-28,MAINTENANCE
628,11,Machine_628,Assembly,2018-01-17,MAINTENANCE
629,18,Machine_629,Welding,2023-11-26,MAINTENANCE
630,18,Machine_630,Testing,2016-12-12,MAINTENANCE
631,17,Machine_631,Welding,2022-08-19,RUNNING
632,10,Machine_632,Cutting,2021-05-24,MAINTENANCE
633,21,Machine_633,Welding,2020-07-01,RUNNING
634,23,Machine_634,CNC,2024-12-13,IDLE
635,2,Machine_635,Assembly,2023-01-20,RUNNING
636,4,Machine_636,Painting,2021-06-22,RUNNING
637,25,Machine_637,CNC,2017-01-14,RUNNING
638,8,Machine_638,Welding,2021-04-14,RUNNING
639,11,Machine_639,Painting,2021-11-24,IDLE
640,7,Machine_640,Packaging,2018-07-11,IDLE
641,10,Machine_641,Assembly,2020-07-26,IDLE
642,13,Machine_642,Painting,2018-12-26,RUNNING
643,16,Machine_643,Packaging,2017-05-13,RUNNING
644,18,Machine_644,Welding,2022-09-03,RUNNING
645,1,Machine_645,Welding,2020-01-14,IDLE
646,15,Machine_646,Cutting,2022-02-25,IDLE
647,20,Machine_647,Assembly,2020-09-22,MAINTENANCE
648,20,Machine_648,Cutting,2019-08-04,IDLE
649,8,Machine_649,CNC,2016-09-15,IDLE
650,1,Machine_650,Packaging,2021-01-27,RUNNING
651,15,Machine_651,Painting,2020-08-30,MAINTENANCE
652,10,Machine_652,CNC,2021-05-16,IDLE
653,22,Machine_653,CNC,2021-06-25,RUNNING
654,5,Machine_654,Welding,2023-11-26,IDLE
655,24,Machine_655,CNC,2024-01-13,IDLE
656,8,Machine_656,Assembly,2022-01-06,MAINTENANCE
657,14,Machine_657,Assembly,2020-09-18,MAINTENANCE
658,17,Machine_658,Welding,2017-04-15,MAINTENANCE
659,10,Machine_659,CNC,2026-01-19,IDLE
660,9,Machine_660,CNC,2026-01-07,MAINTENANCE
661,21,Machine_661,Assembly,2020-04-30,IDLE
662,11,Machine_662,Painting,2025-08-29,RUNNING
663,12,Machine_663,CNC,2019-12-15,RUNNING
664,6,Machine_664,Assembly,2025-02-12,IDLE
665,5,Machine_665,Painting,2021-09-13,RUNNING
666,7,Machine_666,CNC,2024-03-29,RUNNING
667,16,Machine_667,CNC,2021-05-11,MAINTENANCE
668,6,Machine_668,Assembly,2017-01-19,IDLE
669,21,Machine_669,Cutting,2020-09-21,MAINTENANCE
670,20,Machine_670,Welding,2024-09-02,RUNNING
671,2,Machine_671,Painting,2017-05-21,IDLE
672,6,Machine_672,Welding,2024-12-23,MAINTENANCE
673,19,Machine_673,Painting,2024-10-26,MAINTENANCE
674,17,Machine_674,Testing,2019-07-13,MAINTENANCE
675,22,Machine_675,Cutting,2023-11-14,MAINTENANCE
676,1,Machine_676,Welding,2021-12-24,IDLE
677,9,Machine_677,Welding,2016-07-26,IDLE
678,21,Machine_678,CNC,2021-10-24,MAINTENANCE
679,11,Machine_679,Welding,2018-07-04,RUNNING
680,20,Machine_680,Testing,2025-05-22,RUNNING
681,6,Machine_681,Cutting,2024-01-26,MAINTENANCE
682,24,Machine_682,Welding,2021-06-08,RUNNING
683,15,Machine_683,Painting,2019-09-28,RUNNING
684,23,Machine_684,Testing,2025-03-27,RUNNING
685,20,Machine_685,Welding,2017-08-01,MAINTENANCE
686,13,Machine_686,Testing,2024-03-27,IDLE
687,19,Machine_687,Cutting,2023-07-07,MAINTENANCE
688,22,Machine_688,CNC,2019-06-14,IDLE
689,12,Machine_689,CNC,2019-10-04,RUNNING
690,16,Machine_690,Painting,2018-01-18,RUNNING
691,8,Machine_691,Testing,2022-11-06,IDLE
692,5,Machine_692,Packaging,2020-12-11,IDLE
693,12,Machine_693,CNC,2022-09-28,IDLE
694,11,Machine_694,CNC,2023-03-25,RUNNING
695,16,Machine_695,Testing,2023-09-09,IDLE
696,13,Machine_696,Packaging,2023-01-24,IDLE
697,6,Machine_697,Assembly,2025-01-22,IDLE
698,19,Machine_698,Painting,2025-01-27,RUNNING
699,10,Machine_699,Painting,2022-12-30,MAINTENANCE
700,6,Machine_700,Welding,2019-07-01,RUNNING
701,7,Machine_701,Packaging,2016-08-29,RUNNING
702,12,Machine_702,Testing,2019-05-26,IDLE
703,6,Machine_703,Welding,2022-07-21,MAINTENANCE
704,20,Machine_704,Packaging,2022-04-08,MAINTENANCE
705,21,Machine_705,Painting,2018-01-14,IDLE
706,23,Machine_706,Painting,2018-10-28,RUNNING
707,1,Machine_707,Cutting,2023-03-27,IDLE
708,10,Machine_708,Painting,2016-06-25,RUNNING
709,22,Machine_709,Assembly,2019-10-17,IDLE
710,17,Machine_710,Cutting,2025-08-03,IDLE
711,17,Machine_711,Painting,2019-11-12,MAINTENANCE
712,2,Machine_712,Testing,2024-11-20,RUNNING
713,21,Machine_713,Welding,2021-09-20,RUNNING
714,10,Machine_714,Cutting,2025-01-12,IDLE
715,18,Machine_715,Welding,2016-08-13,RUNNING
716,5,Machine_716,Painting,2019-05-11,IDLE
717,18,Machine_717,Packaging,2024-02-15,IDLE
718,7,Machine_718,CNC,2017-01-31,MAINTENANCE
719,14,Machine_719,CNC,2019-03-11,MAINTENANCE
720,12,Machine_720,Welding,2017-08-31,MAINTENANCE
721,7,Machine_721,Testing,2018-06-22,IDLE
722,13,Machine_722,Packaging,2019-12-26,IDLE
723,2,Machine_723,Cutting,2019-11-29,RUNNING
724,3,Machine_724,Welding,2017-04-14,MAINTENANCE
725,23,Machine_725,Cutting,2024-05-18,IDLE
726,3,Machine_726,Assembly,2024-05-01,IDLE
727,22,Machine_727,Welding,2016-09-28,MAINTENANCE
728,3,Machine_728,Cutting,2022-06-19,IDLE
729,18,Machine_729,Welding,2025-03-24,RUNNING
730,4,Machine_730,Assembly,2017-01-07,IDLE
731,13,Machine_731,Packaging,2017-04-09,IDLE
732,7,Machine_732,CNC,2017-10-31,IDLE
733,2,Machine_733,Packaging,2017-09-28,MAINTENANCE
734,7,Machine_734,Painting,2022-01-10,IDLE
735,22,Machine_735,Packaging,2023-11-02,RUNNING
736,17,Machine_736,Testing,2020-07-13,RUNNING
737,24,Machine_737,Painting,2021-01-19,MAINTENANCE
738,24,Machine_738,CNC,2017-12-15,MAINTENANCE
739,23,Machine_739,Welding,2020-04-26,IDLE
740,21,Machine_740,Packaging,2016-07-26,IDLE
741,1,Machine_741,Testing,2020-01-20,RUNNING
742,1,Machine_742,CNC,2019-12-21,IDLE
743,21,Machine_743,Welding,2024-04-28,IDLE
744,23,Machine_744,Cutting,2026-04-16,IDLE
745,12,Machine_745,CNC,2017-06-27,MAINTENANCE
746,21,Machine_746,Cutting,2021-12-01,IDLE
747,12,Machine_747,Painting,2022-04-24,RUNNING
748,2,Machine_748,Welding,2024-09-18,RUNNING
749,4,Machine_749,Packaging,2021-07-18,IDLE
750,1,Machine_750,Cutting,2025-02-05,IDLE
751,21,Machine_751,Painting,2016-08-19,IDLE
752,11,Machine_752,CNC,2020-02-28,RUNNING
753,7,Machine_753,CNC,2021-10-30,IDLE
754,4,Machine_754,Packaging,2022-01-25,MAINTENANCE
755,4,Machine_755,Assembly,2021-05-09,RUNNING
756,23,Machine_756,Assembly,2020-08-06,MAINTENANCE
757,7,Machine_757,Welding,2018-02-26,IDLE
758,21,Machine_758,Packaging,2024-05-14,RUNNING
759,9,Machine_759,Packaging,2021-06-08,RUNNING
760,2,Machine_760,Painting,2020-08-23,RUNNING
761,21,Machine_761,Testing,2022-05-25,RUNNING
762,20,Machine_762,Cutting,2017-12-24,IDLE
763,17,Machine_763,Painting,2016-06-25,MAINTENANCE
764,7,Machine_764,Cutting,2020-05-14,RUNNING
765,3,Machine_765,Cutting,2025-10-15,IDLE
766,9,Machine_766,Welding,2024-03-28,MAINTENANCE
767,23,Machine_767,Cutting,2018-06-27,RUNNING
768,1,Machine_768,Assembly,2017-05-29,IDLE
769,10,Machine_769,Packaging,2025-01-19,MAINTENANCE
770,18,Machine_770,Cutting,2025-03-31,MAINTENANCE
771,6,Machine_771,Assembly,2019-11-25,IDLE
772,10,Machine_772,Assembly,2017-04-15,RUNNING
773,13,Machine_773,Painting,2022-02-12,RUNNING
774,6,Machine_774,Painting,2019-01-05,RUNNING
775,1,Machine_775,Welding,2017-08-31,IDLE
776,4,Machine_776,Packaging,2025-11-01,IDLE
777,19,Machine_777,Cutting,2022-03-21,RUNNING
778,1,Machine_778,Painting,2024-11-17,RUNNING
779,20,Machine_779,CNC,2019-02-06,RUNNING
780,10,Machine_780,CNC,2022-12-15,MAINTENANCE
781,15,Machine_781,Assembly,2019-05-29,IDLE
782,10,Machine_782,Welding,2024-01-13,IDLE
783,17,Machine_783,Packaging,2018-01-30,IDLE
784,10,Machine_784,Cutting,2017-04-10,MAINTENANCE
785,23,Machine_785,Painting,2017-05-30,IDLE
786,9,Machine_786,Welding,2021-03-07,RUNNING
787,3,Machine_787,Welding,2017-08-09,IDLE
788,8,Machine_788,Testing,2026-03-06,IDLE
789,8,Machine_789,Welding,2022-11-17,MAINTENANCE
790,18,Machine_790,Cutting,2016-07-09,IDLE
791,1,Machine_791,Testing,2025-10-10,MAINTENANCE
792,16,Machine_792,Painting,2022-06-23,MAINTENANCE
793,15,Machine_793,Testing,2019-12-16,IDLE
794,22,Machine_794,Welding,2017-09-11,IDLE
795,4,Machine_795,Packaging,2019-10-03,IDLE
796,3,Machine_796,Assembly,2024-08-24,MAINTENANCE
797,22,Machine_797,CNC,2023-04-15,RUNNING
798,25,Machine_798,CNC,2024-11-21,IDLE
799,11,Machine_799,CNC,2018-08-24,MAINTENANCE
800,9,Machine_800,Packaging,2021-04-01,MAINTENANCE
801,19,Machine_801,Packaging,2021-03-26,RUNNING
802,11,Machine_802,Packaging,2018-08-10,MAINTENANCE
803,9,Machine_803,Cutting,2025-03-19,RUNNING
804,20,Machine_804,Painting,2025-09-12,RUNNING
805,3,Machine_805,Packaging,2018-08-26,RUNNING
806,14,Machine_806,Testing,2020-03-20,MAINTENANCE
807,2,Machine_807,Painting,2023-08-11,RUNNING
808,4,Machine_808,Packaging,2025-10-27,IDLE
809,11,Machine_809,CNC,2025-12-04,IDLE
810,2,Machine_810,Testing,2020-03-19,IDLE
811,9,Machine_811,Painting,2024-12-16,MAINTENANCE
812,6,Machine_812,Cutting,2016-07-01,MAINTENANCE
813,19,Machine_813,Welding,2020-08-19,RUNNING
814,19,Machine_814,Testing,2023-05-01,IDLE
815,15,Machine_815,Packaging,2025-09-01,IDLE
816,8,Machine_816,Cutting,2025-11-12,RUNNING
817,18,Machine_817,Painting,2024-02-18,RUNNING
818,11,Machine_818,Cutting,2021-05-20,MAINTENANCE
819,24,Machine_819,CNC,2021-07-21,RUNNING
820,1,Machine_820,Welding,2026-06-05,MAINTENANCE
821,8,Machine_821,Cutting,2018-01-11,IDLE
822,7,Machine_822,Assembly,2020-01-13,MAINTENANCE
823,3,Machine_823,Painting,2025-08-02,IDLE
824,13,Machine_824,Assembly,2016-11-27,IDLE
825,24,Machine_825,Welding,2022-10-13,MAINTENANCE
826,22,Machine_826,Cutting,2016-10-22,IDLE
827,4,Machine_827,Cutting,2020-05-21,IDLE
828,22,Machine_828,Testing,2020-09-05,RUNNING
829,23,Machine_829,Painting,2018-10-09,IDLE
830,15,Machine_830,Painting,2020-10-17,IDLE
831,14,Machine_831,CNC,2019-08-23,MAINTENANCE
832,15,Machine_832,Testing,2020-10-13,RUNNING
833,24,Machine_833,Testing,2026-05-12,MAINTENANCE
834,6,Machine_834,Welding,2022-09-22,RUNNING
835,25,Machine_835,Painting,2022-06-13,IDLE
836,5,Machine_836,Packaging,2021-11-30,MAINTENANCE
837,15,Machine_837,Testing,2017-03-30,IDLE
838,4,Machine_838,Painting,2024-06-27,RUNNING
839,14,Machine_839,CNC,2021-04-10,MAINTENANCE
840,21,Machine_840,Cutting,2019-02-19,MAINTENANCE
841,13,Machine_841,CNC,2020-05-13,MAINTENANCE
842,24,Machine_842,Assembly,2024-04-03,IDLE
843,10,Machine_843,Welding,2026-04-05,RUNNING
844,4,Machine_844,Welding,2017-02-26,IDLE
845,24,Machine_845,Packaging,2024-04-28,RUNNING
846,25,Machine_846,Testing,2017-01-17,RUNNING
847,18,Machine_847,Painting,2024-08-19,IDLE
848,3,Machine_848,Painting,2017-01-08,RUNNING
849,12,Machine_849,Cutting,2025-01-22,MAINTENANCE
850,22,Machine_850,Testing,2023-11-01,IDLE
851,9,Machine_851,CNC,2023-09-08,IDLE
852,15,Machine_852,Welding,2018-02-23,IDLE
853,19,Machine_853,Testing,2023-07-21,IDLE
854,25,Machine_854,Packaging,2020-02-25,MAINTENANCE
855,12,Machine_855,Assembly,2020-10-11,IDLE
856,19,Machine_856,Assembly,2022-11-05,RUNNING
857,2,Machine_857,Welding,2018-01-27,RUNNING
858,9,Machine_858,Welding,2025-11-01,RUNNING
859,2,Machine_859,Painting,2022-09-14,IDLE
860,7,Machine_860,CNC,2023-07-21,RUNNING
861,14,Machine_861,Testing,2016-08-02,RUNNING
862,23,Machine_862,Testing,2017-06-05,IDLE
863,17,Machine_863,Packaging,2018-08-11,IDLE
864,16,Machine_864,Assembly,2023-03-23,IDLE
865,24,Machine_865,Testing,2016-09-25,MAINTENANCE
866,8,Machine_866,CNC,2019-11-03,IDLE
867,22,Machine_867,Painting,2025-06-05,MAINTENANCE
868,1,Machine_868,Assembly,2017-05-24,RUNNING
869,24,Machine_869,Testing,2020-07-08,MAINTENANCE
870,16,Machine_870,Packaging,2019-07-22,RUNNING
871,13,Machine_871,CNC,2017-02-04,RUNNING
872,22,Machine_872,CNC,2022-01-26,RUNNING
873,22,Machine_873,Testing,2020-10-28,RUNNING
874,1,Machine_874,Cutting,2021-12-27,RUNNING
875,25,Machine_875,Painting,2020-10-05,RUNNING
876,7,Machine_876,Painting,2023-11-22,RUNNING
877,1,Machine_877,Cutting,2018-05-24,IDLE
878,24,Machine_878,Packaging,2023-07-17,IDLE
879,17,Machine_879,Testing,2022-08-24,IDLE
880,3,Machine_880,Painting,2025-06-03,IDLE
881,2,Machine_881,Painting,2018-03-25,MAINTENANCE
882,25,Machine_882,Packaging,2024-07-12,IDLE
883,2,Machine_883,Welding,2020-06-27,MAINTENANCE
884,4,Machine_884,Testing,2018-03-27,RUNNING
885,8,Machine_885,Welding,2020-04-30,MAINTENANCE
886,7,Machine_886,Welding,2023-04-02,IDLE
887,14,Machine_887,Packaging,2017-12-06,IDLE
888,11,Machine_888,Welding,2019-08-05,RUNNING
889,10,Machine_889,Testing,2019-03-04,MAINTENANCE
890,4,Machine_890,Packaging,2022-07-06,RUNNING
891,11,Machine_891,Cutting,2025-01-04,RUNNING
892,9,Machine_892,Assembly,2026-06-14,RUNNING
893,24,Machine_893,Assembly,2024-06-03,RUNNING
894,12,Machine_894,Welding,2017-09-16,IDLE
895,4,Machine_895,Packaging,2017-05-31,MAINTENANCE
896,13,Machine_896,Assembly,2017-07-12,IDLE
897,3,Machine_897,Assembly,2021-05-13,IDLE
898,23,Machine_898,Testing,2025-03-09,RUNNING
899,25,Machine_899,Welding,2016-11-05,RUNNING
900,2,Machine_900,Testing,2018-04-14,IDLE
901,9,Machine_901,Welding,2025-02-27,RUNNING
902,8,Machine_902,Assembly,2017-01-05,RUNNING
903,12,Machine_903,Packaging,2020-10-26,IDLE
904,14,Machine_904,Packaging,2019-05-08,MAINTENANCE
905,15,Machine_905,CNC,2017-02-10,MAINTENANCE
906,25,Machine_906,Painting,2021-11-02,MAINTENANCE
907,19,Machine_907,CNC,2023-02-19,MAINTENANCE
908,17,Machine_908,Packaging,2024-09-30,IDLE
909,9,Machine_909,Cutting,2023-05-18,RUNNING
910,17,Machine_910,Welding,2026-03-06,IDLE
911,15,Machine_911,Welding,2018-08-16,RUNNING
912,14,Machine_912,CNC,2023-07-18,MAINTENANCE
913,13,Machine_913,Welding,2018-10-13,IDLE
914,18,Machine_914,Assembly,2023-08-02,IDLE
915,16,Machine_915,Cutting,2022-09-15,MAINTENANCE
916,21,Machine_916,Assembly,2025-05-03,IDLE
917,12,Machine_917,Painting,2017-12-27,RUNNING
918,8,Machine_918,Testing,2017-07-04,IDLE
919,4,Machine_919,Painting,2026-03-05,RUNNING
920,5,Machine_920,Packaging,2018-07-11,MAINTENANCE
921,6,Machine_921,Painting,2017-10-29,MAINTENANCE
922,16,Machine_922,Welding,2019-10-21,IDLE
923,20,Machine_923,CNC,2018-07-31,MAINTENANCE
924,24,Machine_924,Welding,2018-02-27,IDLE
925,10,Machine_925,CNC,2020-09-21,MAINTENANCE
926,21,Machine_926,Painting,2016-09-06,MAINTENANCE
927,20,Machine_927,Assembly,2018-03-17,MAINTENANCE
928,21,Machine_928,Cutting,2017-12-02,IDLE
929,13,Machine_929,Testing,2022-11-23,MAINTENANCE
930,13,Machine_930,Welding,2020-05-15,IDLE
931,11,Machine_931,CNC,2021-12-03,RUNNING
932,12,Machine_932,Packaging,2024-05-11,RUNNING
933,9,Machine_933,Cutting,2020-11-03,RUNNING
934,19,Machine_934,Welding,2018-03-01,RUNNING
935,16,Machine_935,Packaging,2022-10-30,IDLE
936,14,Machine_936,Painting,2022-07-02,MAINTENANCE
937,4,Machine_937,Testing,2023-10-25,IDLE
938,7,Machine_938,Packaging,2023-05-24,MAINTENANCE
939,15,Machine_939,Packaging,2019-07-27,MAINTENANCE
940,11,Machine_940,Packaging,2026-06-11,MAINTENANCE
941,20,Machine_941,Painting,2019-03-05,IDLE
942,10,Machine_942,CNC,2023-01-07,RUNNING
943,12,Machine_943,Painting,2025-10-14,MAINTENANCE
944,8,Machine_944,Testing,2021-08-16,IDLE
945,7,Machine_945,Cutting,2018-10-12,MAINTENANCE
946,9,Machine_946,CNC,2024-07-20,MAINTENANCE
947,1,Machine_947,CNC,2026-02-04,IDLE
948,24,Machine_948,Testing,2023-06-26,RUNNING
949,1,Machine_949,Assembly,2023-01-19,IDLE
950,6,Machine_950,Assembly,2020-02-04,MAINTENANCE
951,11,Machine_951,Welding,2018-04-02,IDLE
952,5,Machine_952,CNC,2022-09-25,IDLE
953,9,Machine_953,Assembly,2023-10-01,IDLE
954,11,Machine_954,Assembly,2019-08-18,IDLE
955,22,Machine_955,Packaging,2024-11-30,MAINTENANCE
956,19,Machine_956,CNC,2025-11-02,IDLE
957,25,Machine_957,Painting,2022-01-13,MAINTENANCE
958,24,Machine_958,Painting,2021-03-04,RUNNING
959,21,Machine_959,Testing,2025-12-03,MAINTENANCE
960,24,Machine_960,Painting,2023-11-19,IDLE
961,10,Machine_961,CNC,2020-05-05,RUNNING
962,10,Machine_962,Welding,2020-02-08,MAINTENANCE
963,4,Machine_963,Cutting,2020-05-19,MAINTENANCE
964,23,Machine_964,Assembly,2020-03-19,IDLE
965,6,Machine_965,Cutting,2025-06-09,IDLE
966,22,Machine_966,Testing,2016-07-31,IDLE
967,10,Machine_967,CNC,2018-11-04,MAINTENANCE
968,13,Machine_968,Welding,2023-01-26,IDLE
969,21,Machine_969,Assembly,2023-05-23,IDLE
970,2,Machine_970,Cutting,2021-01-06,IDLE
971,25,Machine_971,Cutting,2018-07-17,MAINTENANCE
972,11,Machine_972,Welding,2025-01-15,IDLE
973,20,Machine_973,Packaging,2021-01-15,MAINTENANCE
974,10,Machine_974,CNC,2022-03-12,RUNNING
975,25,Machine_975,Packaging,2023-02-21,RUNNING
976,22,Machine_976,Cutting,2018-10-10,RUNNING
977,6,Machine_977,Packaging,2022-11-10,RUNNING
978,17,Machine_978,Painting,2016-11-11,IDLE
979,12,Machine_979,Welding,2017-08-30,RUNNING
980,20,Machine_980,Welding,2025-04-24,IDLE
981,10,Machine_981,Packaging,2017-02-06,RUNNING
982,1,Machine_982,Assembly,2022-08-14,RUNNING
983,15,Machine_983,Cutting,2018-04-26,IDLE
984,13,Machine_984,Welding,2024-12-18,RUNNING
985,22,Machine_985,CNC,2020-06-16,RUNNING
986,20,Machine_986,Cutting,2022-12-13,MAINTENANCE
987,25,Machine_987,Painting,2019-07-13,IDLE
988,18,Machine_988,Packaging,2022-07-19,MAINTENANCE
989,3,Machine_989,Painting,2020-01-18,IDLE
990,25,Machine_990,Assembly,2019-10-16,MAINTENANCE
991,8,Machine_991,Welding,2023-03-20,IDLE
992,20,Machine_992,Assembly,2020-06-16,RUNNING
993,20,Machine_993,Assembly,2017-09-04,IDLE
994,23,Machine_994,Assembly,2016-11-02,MAINTENANCE
995,15,Machine_995,Assembly,2021-01-23,IDLE
996,3,Machine_996,Testing,2023-11-07,MAINTENANCE
997,2,Machine_997,Painting,2021-06-03,RUNNING
998,18,Machine_998,Assembly,2017-05-01,RUNNING
999,11,Machine_999,Packaging,2020-12-12,RUNNING
1000,15,Machine_1000,Welding,2020-07-17,RUNNING
