product_id,product_name,category,unit_cost
1,Product_1,Transformer,2114.1
2,Product_2,Gear,2697.01
3,Product_3,Sensor,4015.37
4,Product_4,Compressor,3471.53
5,Product_5,Transformer,414.51
6,Product_6,Conveyor,2542.77
7,Product_7,Gear,1037.23
8,Product_8,Conveyor,2563.49
9,Product_9,Motor,4832.37
10,Product_10,Compressor,119.09
11,Product_11,Valve,3060.29
12,Product_12,Transformer,3385.59
13,Product_13,Transformer,2378.12
14,Product_14,Conveyor,2439.37
15,Product_15,Conveyor,3929.98
16,Product_16,Conveyor,2685.11
17,Product_17,Bearing,1716.46
18,Product_18,Valve,1133.04
19,Product_19,Switch,3894.52
20,Product_20,Gear,2993.74
21,Product_21,Transformer,832.65
22,Product_22,Conveyor,1221.57
23,Product_23,Transformer,1080.18
24,Product_24,Pump,1593.99
25,Product_25,Valve,795.35
26,Product_26,Switch,525.0
27,Product_27,Valve,448.07
28,Product_28,Sensor,3518.96
29,Product_29,Motor,4986.45
30,Product_30,Transformer,4917.67
31,Product_31,Switch,1791.34
32,Product_32,Gear,3517.88
33,Product_33,Compressor,4922.13
34,Product_34,Transformer,2200.48
35,Product_35,Compressor,2301.72
36,Product_36,Compressor,607.92
37,Product_37,Bearing,2467.55
38,Product_38,Gear,4075.53
39,Product_39,Switch,373.54
40,Product_40,Compressor,1889.88
41,Product_41,Motor,155.75
42,Product_42,Gear,4730.74
43,Product_43,Compressor,3939.1
44,Product_44,Motor,4337.19
45,Product_45,Pump,1257.03
46,Product_46,Conveyor,1614.37
47,Product_47,Switch,1696.05
48,Product_48,Valve,137.19
49,Product_49,Motor,805.77
50,Product_50,Sensor,1164.14
51,Product_51,Gear,2660.88
52,Product_52,Compressor,2429.78
53,Product_53,Switch,4690.76
54,Product_54,Pump,3567.97
55,Product_55,Compressor,599.04
56,Product_56,Sensor,3123.24
57,Product_57,Bearing,439.9
58,Product_58,Motor,1357.97
59,Product_59,Conveyor,4332.92
60,Product_60,Conveyor,1554.95
61,Product_61,Gear,1092.1
62,Product_62,Motor,175.34
63,Product_63,Sensor,1928.67
64,Product_64,Compressor,2521.09
65,Product_65,Conveyor,4425.1
66,Product_66,Sensor,2788.23
67,Product_67,Valve,2295.02
68,Product_68,Gear,2441.34
69,Product_69,Motor,4826.91
70,Product_70,Gear,3202.27
71,Product_71,Pump,1167.17
72,Product_72,Transformer,2158.97
73,Product_73,Compressor,277.54
74,Product_74,Bearing,2722.18
75,Product_75,Bearing,3435.32
76,Product_76,Transformer,1184.24
77,Product_77,Conveyor,4219.93
78,Product_78,Compressor,2099.77
79,Product_79,Bearing,2585.75
80,Product_80,Gear,521.62
81,Product_81,Motor,4511.99
82,Product_82,Switch,3997.29
83,Product_83,Conveyor,899.54
84,Product_84,Transformer,2179.12
85,Product_85,Sensor,3418.31
86,Product_86,Sensor,73.64
87,Product_87,Valve,3752.78
88,Product_88,Motor,715.98
89,Product_89,Bearing,2406.18
90,Product_90,Motor,4941.61
91,Product_91,Transformer,2339.2
92,Product_92,Bearing,2837.0
93,Product_93,Motor,2804.77
94,Product_94,Valve,4240.1
95,Product_95,Bearing,1963.0
96,Product_96,Pump,1315.43
97,Product_97,Switch,136.17
98,Product_98,Bearing,271.21
99,Product_99,Compressor,3075.57
100,Product_100,Pump,2795.87
101,Product_101,Bearing,530.23
102,Product_102,Bearing,4851.93
103,Product_103,Conveyor,3103.02
104,Product_104,Conveyor,4922.15
105,Product_105,Valve,328.66
106,Product_106,Valve,420.06
107,Product_107,Sensor,2186.71
108,Product_108,Gear,4826.53
109,Product_109,Valve,220.43
110,Product_110,Conveyor,3145.76
111,Product_111,Switch,4390.58
112,Product_112,Gear,429.6
113,Product_113,Conveyor,4896.67
114,Product_114,Switch,3391.59
115,Product_115,Pump,1859.42
116,Product_116,Valve,2156.44
117,Product_117,Conveyor,2975.26
118,Product_118,Gear,2469.93
119,Product_119,Pump,1519.38
120,Product_120,Bearing,1158.76
121,Product_121,Pump,419.89
122,Product_122,Sensor,1872.62
123,Product_123,Gear,117.36
124,Product_124,Switch,3175.38
125,Product_125,Transformer,3496.9
126,Product_126,Bearing,3768.58
127,Product_127,Motor,2449.21
128,Product_128,Pump,4004.17
129,Product_129,Gear,3547.41
130,Product_130,Gear,3069.19
131,Product_131,Conveyor,673.48
132,Product_132,Sensor,3744.06
133,Product_133,Sensor,4765.69
134,Product_134,Pump,1965.64
135,Product_135,Bearing,1132.36
136,Product_136,Motor,4273.1
137,Product_137,Switch,252.34
138,Product_138,Switch,3993.42
139,Product_139,Pump,3502.78
140,Product_140,Compressor,2408.09
141,Product_141,Transformer,517.7
142,Product_142,Switch,3298.7
143,Product_143,Conveyor,3372.04
144,Product_144,Compressor,2542.26
145,Product_145,Pump,2559.29
146,Product_146,Valve,1967.46
147,Product_147,Gear,1328.22
148,Product_148,Gear,4845.73
149,Product_149,Valve,2345.13
150,Product_150,Conveyor,3898.11
151,Product_151,Switch,4217.43
152,Product_152,Valve,2517.11
153,Product_153,Switch,1894.38
154,Product_154,Pump,4879.56
155,Product_155,Bearing,1632.36
156,Product_156,Conveyor,4448.59
157,Product_157,Bearing,1856.67
158,Product_158,Bearing,2795.45
159,Product_159,Compressor,3306.11
160,Product_160,Gear,4263.32
161,Product_161,Compressor,187.82
162,Product_162,Gear,4618.0
163,Product_163,Motor,2950.66
164,Product_164,Pump,1021.14
165,Product_165,Switch,2082.94
166,Product_166,Valve,4323.98
167,Product_167,Sensor,1313.93
168,Product_168,Compressor,2607.81
169,Product_169,Switch,3688.52
170,Product_170,Switch,4166.4
171,Product_171,Switch,3069.46
172,Product_172,Bearing,342.73
173,Product_173,Motor,4470.37
174,Product_174,Bearing,393.71
175,Product_175,Compressor,3732.75
176,Product_176,Compressor,115.86
177,Product_177,Valve,1624.62
178,Product_178,Switch,3981.15
179,Product_179,Motor,3499.62
180,Product_180,Transformer,2001.14
181,Product_181,Compressor,1857.87
182,Product_182,Sensor,1746.77
183,Product_183,Compressor,1620.17
184,Product_184,Gear,4183.36
185,Product_185,Switch,1581.44
186,Product_186,Conveyor,4211.44
187,Product_187,Bearing,4762.18
188,Product_188,Valve,2787.16
189,Product_189,Compressor,653.91
190,Product_190,Sensor,3247.45
191,Product_191,Motor,4526.79
192,Product_192,Conveyor,289.31
193,Product_193,Bearing,4781.56
194,Product_194,Bearing,1196.8
195,Product_195,Transformer,3988.82
196,Product_196,Valve,573.67
197,Product_197,Compressor,3988.07
198,Product_198,Conveyor,1769.52
199,Product_199,Sensor,1616.12
200,Product_200,Motor,3799.88
201,Product_201,Pump,1521.36
202,Product_202,Transformer,845.11
203,Product_203,Switch,2663.03
204,Product_204,Compressor,2967.08
205,Product_205,Conveyor,124.22
206,Product_206,Valve,3182.82
207,Product_207,Conveyor,2511.89
208,Product_208,Switch,3621.2
209,Product_209,Motor,1085.57
210,Product_210,Pump,220.67
211,Product_211,Bearing,150.42
212,Product_212,Pump,337.1
213,Product_213,Motor,3525.7
214,Product_214,Transformer,3041.45
215,Product_215,Pump,4882.81
216,Product_216,Transformer,4724.74
217,Product_217,Conveyor,4182.2
218,Product_218,Pump,3644.68
219,Product_219,Switch,4444.99
220,Product_220,Bearing,508.82
221,Product_221,Conveyor,4701.8
222,Product_222,Sensor,2614.87
223,Product_223,Sensor,1412.28
224,Product_224,Transformer,4733.08
225,Product_225,Compressor,827.92
226,Product_226,Motor,991.39
227,Product_227,Conveyor,3708.49
228,Product_228,Motor,3625.91
229,Product_229,Sensor,1105.53
230,Product_230,Gear,1849.99
231,Product_231,Bearing,4357.16
232,Product_232,Bearing,2620.39
233,Product_233,Motor,3592.8
234,Product_234,Motor,1946.88
235,Product_235,Sensor,663.16
236,Product_236,Motor,2789.46
237,Product_237,Pump,446.25
238,Product_238,Bearing,4482.09
239,Product_239,Gear,4215.33
240,Product_240,Sensor,963.61
241,Product_241,Gear,3192.34
242,Product_242,Sensor,4340.15
243,Product_243,Transformer,2611.31
244,Product_244,Conveyor,4680.05
245,Product_245,Motor,4618.68
246,Product_246,Sensor,2132.58
247,Product_247,Sensor,3237.12
248,Product_248,Motor,1200.36
249,Product_249,Conveyor,1779.69
250,Product_250,Pump,2264.59
251,Product_251,Bearing,3708.24
252,Product_252,Motor,672.6
253,Product_253,Gear,3400.92
254,Product_254,Pump,1128.34
255,Product_255,Motor,4414.86
256,Product_256,Pump,2063.22
257,Product_257,Gear,3874.27
258,Product_258,Pump,4754.69
259,Product_259,Gear,3589.3
260,Product_260,Conveyor,4351.98
261,Product_261,Conveyor,3104.74
262,Product_262,Switch,1822.42
263,Product_263,Compressor,4117.8
264,Product_264,Conveyor,4842.69
265,Product_265,Pump,2647.69
266,Product_266,Sensor,490.54
267,Product_267,Valve,1929.63
268,Product_268,Valve,3373.23
269,Product_269,Sensor,2275.79
270,Product_270,Bearing,993.93
271,Product_271,Sensor,2603.24
272,Product_272,Valve,4679.39
273,Product_273,Conveyor,2600.1
274,Product_274,Transformer,3681.54
275,Product_275,Conveyor,163.68
276,Product_276,Pump,1429.79
277,Product_277,Compressor,648.99
278,Product_278,Sensor,1321.98
279,Product_279,Transformer,4181.6
280,Product_280,Gear,1746.89
281,Product_281,Pump,997.31
282,Product_282,Valve,2343.58
283,Product_283,Pump,3877.03
284,Product_284,Sensor,4116.9
285,Product_285,Sensor,4771.33
286,Product_286,Compressor,52.94
287,Product_287,Sensor,2770.43
288,Product_288,Pump,1947.75
289,Product_289,Conveyor,3117.2
290,Product_290,Pump,4261.06
291,Product_291,Switch,1800.64
292,Product_292,Sensor,2758.4
293,Product_293,Compressor,2722.34
294,Product_294,Pump,3021.91
295,Product_295,Conveyor,253.19
296,Product_296,Valve,1220.89
297,Product_297,Transformer,993.48
298,Product_298,Sensor,4366.82
299,Product_299,Conveyor,2120.23
300,Product_300,Bearing,1006.27
301,Product_301,Gear,821.96
302,Product_302,Switch,2228.55
303,Product_303,Sensor,863.97
304,Product_304,Sensor,1652.26
305,Product_305,Compressor,2521.51
306,Product_306,Valve,1448.11
307,Product_307,Compressor,2934.46
308,Product_308,Motor,3464.51
309,Product_309,Sensor,399.94
310,Product_310,Gear,4445.39
311,Product_311,Conveyor,780.26
312,Product_312,Motor,4513.88
313,Product_313,Compressor,4031.92
314,Product_314,Bearing,3472.31
315,Product_315,Compressor,750.26
316,Product_316,Gear,3457.19
317,Product_317,Pump,4438.76
318,Product_318,Pump,2465.68
319,Product_319,Conveyor,3997.45
320,Product_320,Compressor,4937.56
321,Product_321,Bearing,234.38
322,Product_322,Bearing,1176.8
323,Product_323,Gear,1864.59
324,Product_324,Sensor,3051.83
325,Product_325,Conveyor,4780.05
326,Product_326,Compressor,3147.65
327,Product_327,Transformer,4485.48
328,Product_328,Valve,4500.13
329,Product_329,Conveyor,2320.62
330,Product_330,Bearing,2339.83
331,Product_331,Bearing,3713.95
332,Product_332,Transformer,3252.12
333,Product_333,Compressor,3816.02
334,Product_334,Valve,3512.38
335,Product_335,Motor,2076.29
336,Product_336,Gear,1687.28
337,Product_337,Transformer,4814.49
338,Product_338,Conveyor,3208.41
339,Product_339,Sensor,4670.88
340,Product_340,Bearing,552.8
341,Product_341,Motor,1233.55
342,Product_342,Transformer,3754.65
343,Product_343,Compressor,568.91
344,Product_344,Valve,306.54
345,Product_345,Valve,472.97
346,Product_346,Gear,2572.62
347,Product_347,Conveyor,4695.79
348,Product_348,Sensor,1371.27
349,Product_349,Gear,4782.95
350,Product_350,Transformer,2880.06
351,Product_351,Compressor,4716.92
352,Product_352,Conveyor,3961.04
353,Product_353,Bearing,301.43
354,Product_354,Valve,2160.47
355,Product_355,Bearing,1210.94
356,Product_356,Gear,4124.28
357,Product_357,Switch,3672.67
358,Product_358,Conveyor,2193.58
359,Product_359,Bearing,1253.0
360,Product_360,Motor,3629.43
361,Product_361,Bearing,905.22
362,Product_362,Transformer,3185.01
363,Product_363,Compressor,103.13
364,Product_364,Pump,2913.23
365,Product_365,Transformer,3256.77
366,Product_366,Compressor,3168.49
367,Product_367,Pump,890.0
368,Product_368,Gear,3641.36
369,Product_369,Valve,3417.61
370,Product_370,Compressor,3895.76
371,Product_371,Transformer,1960.78
372,Product_372,Transformer,3276.08
373,Product_373,Sensor,2988.08
374,Product_374,Motor,868.83
375,Product_375,Compressor,3419.3
376,Product_376,Pump,3371.36
377,Product_377,Sensor,1316.2
378,Product_378,Transformer,4077.91
379,Product_379,Transformer,474.22
380,Product_380,Sensor,2731.52
381,Product_381,Switch,2514.69
382,Product_382,Switch,2050.72
383,Product_383,Sensor,1109.44
384,Product_384,Transformer,3007.66
385,Product_385,Switch,1311.79
386,Product_386,Motor,3591.75
387,Product_387,Gear,927.63
388,Product_388,Sensor,3111.8
389,Product_389,Motor,2080.72
390,Product_390,Conveyor,3504.05
391,Product_391,Bearing,2281.89
392,Product_392,Compressor,3852.06
393,Product_393,Pump,1076.69
394,Product_394,Bearing,3524.02
395,Product_395,Conveyor,4031.95
396,Product_396,Pump,3162.99
397,Product_397,Bearing,1267.61
398,Product_398,Sensor,1363.32
399,Product_399,Motor,2065.4
400,Product_400,Compressor,1211.12
401,Product_401,Bearing,1799.53
402,Product_402,Conveyor,4318.17
403,Product_403,Motor,3981.42
404,Product_404,Conveyor,4418.36
405,Product_405,Transformer,482.44
406,Product_406,Motor,238.05
407,Product_407,Sensor,988.15
408,Product_408,Conveyor,958.01
409,Product_409,Transformer,3208.18
410,Product_410,Valve,4198.18
411,Product_411,Gear,2672.89
412,Product_412,Valve,3069.26
413,Product_413,Transformer,4681.58
414,Product_414,Transformer,3609.47
415,Product_415,Conveyor,889.87
416,Product_416,Gear,1975.79
417,Product_417,Motor,4337.55
418,Product_418,Valve,217.67
419,Product_419,Motor,1956.63
420,Product_420,Bearing,2188.13
421,Product_421,Sensor,3075.72
422,Product_422,Gear,4865.63
423,Product_423,Gear,580.78
424,Product_424,Gear,1051.19
425,Product_425,Compressor,3664.3
426,Product_426,Conveyor,3364.53
427,Product_427,Compressor,3257.79
428,Product_428,Switch,3657.13
429,Product_429,Motor,4036.34
430,Product_430,Gear,2428.12
431,Product_431,Pump,341.21
432,Product_432,Switch,4917.41
433,Product_433,Bearing,3050.39
434,Product_434,Gear,1183.53
435,Product_435,Compressor,3634.4
436,Product_436,Motor,1893.24
437,Product_437,Sensor,3674.07
438,Product_438,Valve,4546.1
439,Product_439,Sensor,2144.88
440,Product_440,Sensor,812.02
441,Product_441,Valve,1686.94
442,Product_442,Motor,4303.11
443,Product_443,Compressor,1101.16
444,Product_444,Bearing,2787.97
445,Product_445,Gear,2374.06
446,Product_446,Compressor,2719.16
447,Product_447,Transformer,4720.86
448,Product_448,Motor,3046.13
449,Product_449,Conveyor,1778.96
450,Product_450,Switch,2939.43
451,Product_451,Gear,2913.94
452,Product_452,Gear,4213.02
453,Product_453,Bearing,4516.26
454,Product_454,Gear,1113.57
455,Product_455,Sensor,2974.96
456,Product_456,Switch,1471.85
457,Product_457,Transformer,233.41
458,Product_458,Pump,4384.19
459,Product_459,Transformer,2690.5
460,Product_460,Valve,1758.44
461,Product_461,Valve,3412.59
462,Product_462,Bearing,2274.26
463,Product_463,Compressor,2395.38
464,Product_464,Gear,2487.51
465,Product_465,Motor,4628.21
466,Product_466,Switch,4433.26
467,Product_467,Gear,1865.89
468,Product_468,Sensor,3744.47
469,Product_469,Conveyor,4341.89
470,Product_470,Valve,1987.0
471,Product_471,Compressor,3650.86
472,Product_472,Pump,4292.09
473,Product_473,Motor,3128.75
474,Product_474,Gear,984.1
475,Product_475,Sensor,4576.53
476,Product_476,Compressor,3251.56
477,Product_477,Gear,1429.11
478,Product_478,Compressor,1379.97
479,Product_479,Conveyor,2084.31
480,Product_480,Switch,2332.7
481,Product_481,Pump,1566.15
482,Product_482,Sensor,2369.26
483,Product_483,Sensor,1913.5
484,Product_484,Bearing,4931.2
485,Product_485,Bearing,1519.07
486,Product_486,Motor,1742.41
487,Product_487,Compressor,4390.55
488,Product_488,Transformer,66.13
489,Product_489,Motor,2226.95
490,Product_490,Pump,4364.38
491,Product_491,Switch,4337.5
492,Product_492,Compressor,522.88
493,Product_493,Motor,2749.55
494,Product_494,Valve,3273.06
495,Product_495,Bearing,1594.71
496,Product_496,Switch,1475.55
497,Product_497,Pump,1880.59
498,Product_498,Valve,4214.57
499,Product_499,Valve,2111.31
500,Product_500,Compressor,4066.36
